[{"id":"user-image-Joel-Jota8.webp","publicUrl":"np://user.desktop.nicepage.com/Site_87118054/images/Joel-Jota8.webp","size":383818,"hash":"OfLPC0C4Z4HDqUvY5SAEZC4O+9c=","fileName":"Joel-Jota8.webp","name":"Joel-Jota8","width":800,"height":822,"thumbnail":{"url":"np://user.desktop.nicepage.com/Site_87118054/images/thumbnails/Joel-Jota8.webp","width":243,"height":250},"folderId":null,"usages":["3100500946"]},{"id":"user-image-671f8a5bcbeea7f51689c261_eslen-delanogare-12042023-180640.jpg","publicUrl":"np://user.desktop.nicepage.com/Site_87118054/images/671f8a5bcbeea7f51689c261_eslen-delanogare-12042023-180640.jpg","size":24742,"hash":"Vd6l/Lk8fZ2biXxnkHjAkfgJrio=","fileName":"671f8a5bcbeea7f51689c261_eslen-delanogare-12042023-180640.jpg","name":"671f8a5bcbeea7f51689c261_eslen-delanogare-12042023-180640","width":600,"height":600,"thumbnail":{"url":"np://user.desktop.nicepage.com/Site_87118054/images/thumbnails/671f8a5bcbeea7f51689c261_eslen-delanogare-12042023-180640.jpg","width":250,"height":250},"folderId":null,"usages":["3100500946"]},{"id":"user-image-Quem-e-Ana-Jords.png","publicUrl":"np://user.desktop.nicepage.com/Site_87118054/images/Quem-e-Ana-Jords.png","size":636641,"hash":"4m2EE19+G7O7/Q4yVpxP4AM3JBY=","fileName":"Quem-e-Ana-Jords.png","name":"Quem-e-Ana-Jords","width":619,"height":614,"thumbnail":{"url":"np://user.desktop.nicepage.com/Site_87118054/images/thumbnails/Quem-e-Ana-Jords.png","width":250,"height":248},"folderId":null,"usages":["3100500946"]},{"id":"user-image-b85185d0a78302c878faab7d81bbba3b6597cbc38fb1a529100ac382eaa30315614c5a0aa54de7979e25eca98b226a8485a5008370e06f1d0f2981_1280.jpg","publicUrl":"np://user.desktop.nicepage.com/Site_87118054/images/b85185d0a78302c878faab7d81bbba3b6597cbc38fb1a529100ac382eaa30315614c5a0aa54de7979e25eca98b226a8485a5008370e06f1d0f2981_1280.jpg","size":381019,"hash":"S+piFwlmKU3LD9GuTFLoVOF49Gc=","fileName":"b85185d0a78302c878faab7d81bbba3b6597cbc38fb1a529100ac382eaa30315614c5a0aa54de7979e25eca98b226a8485a5008370e06f1d0f2981_1280.jpg","name":"b85185d0a78302c878faab7d81bbba3b6597cbc38fb1a529100ac382eaa30315614c5a0aa54de7979e25eca98b226a8485a5008370e06f1d0f2981_1280","width":1280,"height":1042,"thumbnail":{"url":"np://user.desktop.nicepage.com/Site_87118054/images/thumbnails/b85185d0a78302c878faab7d81bbba3b6597cbc38fb1a529100ac382eaa30315614c5a0aa54de7979e25eca98b226a8485a5008370e06f1d0f2981_1280.jpg","width":250,"height":204},"folderId":null,"usages":["3100500946"]},{"id":"user-image-962f2c97be3bb903aa49efd082e8d1f41b96e5c9f2b2eea50c72f1e940caf4238243f2ba9f0cc50b2d8e836f8cc1cf929f05c122476b22a55f82d6_1280.jpg","publicUrl":"np://user.desktop.nicepage.com/Site_87118054/images/962f2c97be3bb903aa49efd082e8d1f41b96e5c9f2b2eea50c72f1e940caf4238243f2ba9f0cc50b2d8e836f8cc1cf929f05c122476b22a55f82d6_1280.jpg","size":429755,"hash":"BOpsOQSTOLdgc+TdBvtL4c+P2Rg=","fileName":"962f2c97be3bb903aa49efd082e8d1f41b96e5c9f2b2eea50c72f1e940caf4238243f2ba9f0cc50b2d8e836f8cc1cf929f05c122476b22a55f82d6_1280.jpg","name":"962f2c97be3bb903aa49efd082e8d1f41b96e5c9f2b2eea50c72f1e940caf4238243f2ba9f0cc50b2d8e836f8cc1cf929f05c122476b22a55f82d6_1280","width":1160,"height":1280,"thumbnail":{"url":"np://user.desktop.nicepage.com/Site_87118054/images/thumbnails/962f2c97be3bb903aa49efd082e8d1f41b96e5c9f2b2eea50c72f1e940caf4238243f2ba9f0cc50b2d8e836f8cc1cf929f05c122476b22a55f82d6_1280.jpg","width":227,"height":250},"folderId":null,"usages":["3100500946"]},{"id":"user-image-c1fb6f83596e0837d822bb5469efcd7d54709c34516abedb73e863e5fced7afa14774dd47c273ea6f3aeff049fbb9c36610649191d670aab3d4855_1280.jpg","publicUrl":"np://user.desktop.nicepage.com/Site_87118054/images/c1fb6f83596e0837d822bb5469efcd7d54709c34516abedb73e863e5fced7afa14774dd47c273ea6f3aeff049fbb9c36610649191d670aab3d4855_1280.jpg","size":260078,"hash":"jTlzO9lp7ZLVnrhCFQSes2Jpb34=","fileName":"c1fb6f83596e0837d822bb5469efcd7d54709c34516abedb73e863e5fced7afa14774dd47c273ea6f3aeff049fbb9c36610649191d670aab3d4855_1280.jpg","name":"c1fb6f83596e0837d822bb5469efcd7d54709c34516abedb73e863e5fced7afa14774dd47c273ea6f3aeff049fbb9c36610649191d670aab3d4855_1280","width":980,"height":1280,"thumbnail":{"url":"np://user.desktop.nicepage.com/Site_87118054/images/thumbnails/c1fb6f83596e0837d822bb5469efcd7d54709c34516abedb73e863e5fced7afa14774dd47c273ea6f3aeff049fbb9c36610649191d670aab3d4855_1280.jpg","width":191,"height":250},"folderId":null,"usages":["3100500946"]},{"id":"user-image-photo-1608174390477-3caf11c4b44a.jpeg","publicUrl":"np://user.desktop.nicepage.com/Site_87118054/images/photo-1608174390477-3caf11c4b44a.jpeg","size":155511,"hash":"AzWrEoX1O1AcFJLM3T7+7wegSwY=","fileName":"photo-1608174390477-3caf11c4b44a.jpeg","name":"photo-1608174390477-3caf11c4b44a","width":1080,"height":1620,"thumbnail":{"url":"np://user.desktop.nicepage.com/Site_87118054/images/thumbnails/photo-1608174390477-3caf11c4b44a.jpeg","width":167,"height":250},"folderId":null,"usages":["3100500946"]},{"id":"user-image-photo-1616723355545-95f2f2abb4d4.jpeg","publicUrl":"np://user.desktop.nicepage.com/Site_87118054/images/photo-1616723355545-95f2f2abb4d4.jpeg","size":309244,"hash":"NUe9UeOaiWcWvg1qcORsrBsux9E=","fileName":"photo-1616723355545-95f2f2abb4d4.jpeg","name":"photo-1616723355545-95f2f2abb4d4","width":1080,"height":1620,"thumbnail":{"url":"np://user.desktop.nicepage.com/Site_87118054/images/thumbnails/photo-1616723355545-95f2f2abb4d4.jpeg","width":167,"height":250},"folderId":null,"usages":["3100500946"]},{"id":"user-image-SaveClip.App_471428973_17877340302219038_3340481256473169590_n.jpg","publicUrl":"np://user.desktop.nicepage.com/Site_87118054/images/SaveClip.App_471428973_17877340302219038_3340481256473169590_n.jpg","size":79560,"hash":"QH3gn5nCnunGsor/O3JxPOsJN28=","fileName":"SaveClip.App_471428973_17877340302219038_3340481256473169590_n.jpg","name":"SaveClip.App_471428973_17877340302219038_3340481256473169590_n","width":494,"height":1014,"thumbnail":{"url":"np://user.desktop.nicepage.com/Site_87118054/images/thumbnails/SaveClip.App_471428973_17877340302219038_3340481256473169590_n.jpg","width":122,"height":250},"folderId":null,"usages":["3100500946"]},{"id":"user-image-SaveClip.App_448921367_1418472115528205_2781357401418937892_n.jpg","publicUrl":"np://user.desktop.nicepage.com/Site_87118054/images/SaveClip.App_448921367_1418472115528205_2781357401418937892_n.jpg","size":62510,"hash":"tnZXXwki0Zer8JitzRUfYBm3wy4=","fileName":"SaveClip.App_448921367_1418472115528205_2781357401418937892_n.jpg","name":"SaveClip.App_448921367_1418472115528205_2781357401418937892_n","width":1080,"height":1350,"thumbnail":{"url":"np://user.desktop.nicepage.com/Site_87118054/images/thumbnails/SaveClip.App_448921367_1418472115528205_2781357401418937892_n.jpg","width":200,"height":250},"folderId":null,"usages":["3100500946"]},{"id":"user-image-Logoparanutricionistasofisticadaverde.png","publicUrl":"np://user.desktop.nicepage.com/Site_87118054/images/Logoparanutricionistasofisticadaverde.png","size":10351,"hash":"oDda0c092BWFWytXH8Td6AgEzYU=","fileName":"Logoparanutricionistasofisticadaverde.png","name":"Logoparanutricionistasofisticadaverde","width":498,"height":78,"thumbnail":{"url":"np://user.desktop.nicepage.com/Site_87118054/images/thumbnails/Logoparanutricionistasofisticadaverde.png","width":250,"height":39},"folderId":null,"usages":[]},{"id":"user-image-KevenKN51.png","publicUrl":"np://user.desktop.nicepage.com/Site_87118054/images/KevenKN51.png","size":6304,"hash":"5Nzd2q8enfgbMNL4PISWii2TPdg=","fileName":"KevenKN51.png","name":"KevenKN51","width":500,"height":60,"thumbnail":{"url":"np://user.desktop.nicepage.com/Site_87118054/images/thumbnails/KevenKN51.png","width":250,"height":30},"folderId":null,"usages":[]},{"id":"user-image-06-Joel-Jota.jpg","publicUrl":"np://user.desktop.nicepage.com/Site_87118054/images/06-Joel-Jota.jpg","size":42844,"hash":"5V4l7dla6Qj31i1TkJwNMmwxl1k=","fileName":"06-Joel-Jota.jpg","name":"06-Joel-Jota","width":500,"height":700,"thumbnail":{"url":"np://user.desktop.nicepage.com/Site_87118054/images/thumbnails/06-Joel-Jota.jpg","width":179,"height":250},"folderId":null,"usages":["3100500946"]},{"id":"user-image-03-Planner.jpg","publicUrl":"np://user.desktop.nicepage.com/Site_87118054/images/03-Planner.jpg","size":45896,"hash":"r9TfuBkUbzqzXdgLQCmgyeXH9sk=","fileName":"03-Planner.jpg","name":"03-Planner","width":500,"height":700,"thumbnail":{"url":"np://user.desktop.nicepage.com/Site_87118054/images/thumbnails/03-Planner.jpg","width":179,"height":250},"folderId":null,"usages":["3100500946"]},{"id":"user-image-02-Checklist.jpg","publicUrl":"np://user.desktop.nicepage.com/Site_87118054/images/02-Checklist.jpg","size":42071,"hash":"n/FLX7q+I48aDf8sNGE/VcKIXw8=","fileName":"02-Checklist.jpg","name":"02-Checklist","width":500,"height":700,"thumbnail":{"url":"np://user.desktop.nicepage.com/Site_87118054/images/thumbnails/02-Checklist.jpg","width":179,"height":250},"folderId":null,"usages":["3100500946"]},{"id":"user-image-2acbf2171658543.Y3JvcCw4MDgsNjMyLDAsMA.png","publicUrl":"np://user.desktop.nicepage.com/Site_87118054/images/2acbf2171658543.Y3JvcCw4MDgsNjMyLDAsMA.png","size":196713,"hash":"60RJV5aE2H5bF/Y+ab3ne1XowV4=","fileName":"2acbf2171658543.Y3JvcCw4MDgsNjMyLDAsMA.png","name":"2acbf2171658543.Y3JvcCw4MDgsNjMyLDAsMA","width":404,"height":316,"thumbnail":{"url":"np://user.desktop.nicepage.com/Site_87118054/images/thumbnails/2acbf2171658543.Y3JvcCw4MDgsNjMyLDAsMA.png","width":250,"height":196},"folderId":null,"usages":["3100500946","product:2"]},{"id":"user-image-04-Ferramentas-e-templates.jpg","publicUrl":"np://user.desktop.nicepage.com/Site_87118054/images/04-Ferramentas-e-templates.jpg","size":58664,"hash":"zSGXEYAOG/2Y8i/rw/UlGJdTKcw=","fileName":"04-Ferramentas-e-templates.jpg","name":"04-Ferramentas-e-templates","width":500,"height":700,"thumbnail":{"url":"np://user.desktop.nicepage.com/Site_87118054/images/thumbnails/04-Ferramentas-e-templates.jpg","width":179,"height":250},"folderId":null,"usages":["3100500946"]},{"id":"user-image-03-Metodo-de-estudos-dos-milionarios.jpg","publicUrl":"np://user.desktop.nicepage.com/Site_87118054/images/03-Metodo-de-estudos-dos-milionarios.jpg","size":52832,"hash":"fWXj7wKpCYYNASPJ2zQ0RXjnYcg=","fileName":"03-Metodo-de-estudos-dos-milionarios.jpg","name":"03-Metodo-de-estudos-dos-milionarios","width":500,"height":700,"thumbnail":{"url":"np://user.desktop.nicepage.com/Site_87118054/images/thumbnails/03-Metodo-de-estudos-dos-milionarios.jpg","width":179,"height":250},"folderId":null,"usages":["3100500946"]},{"id":"user-image-01-Sistema-unico-de-produtividade.jpg","publicUrl":"np://user.desktop.nicepage.com/Site_87118054/images/01-Sistema-unico-de-produtividade.jpg","size":53149,"hash":"ZoLX1HZQvqsvtWQ8WOAC0OnJMDU=","fileName":"01-Sistema-unico-de-produtividade.jpg","name":"01-Sistema-unico-de-produtividade","width":500,"height":700,"thumbnail":{"url":"np://user.desktop.nicepage.com/Site_87118054/images/thumbnails/01-Sistema-unico-de-produtividade.jpg","width":179,"height":250},"folderId":null,"usages":["3100500946"]},{"id":"user-image-0f08f2169487785.644d64a8b226c.png","publicUrl":"np://user.desktop.nicepage.com/Site_87118054/images/0f08f2169487785.644d64a8b226c.png","size":579611,"hash":"FugWg0Qls2GxftgLi12jIjUYk98=","fileName":"0f08f2169487785.644d64a8b226c.png","name":"0f08f2169487785.644d64a8b226c","width":1400,"height":1134,"thumbnail":{"url":"np://user.desktop.nicepage.com/Site_87118054/images/thumbnails/0f08f2169487785.644d64a8b226c.png","width":250,"height":203},"folderId":null,"usages":["3100500946"]},{"id":"user-image-photo_2023-03-27_19-33-50.jpg","publicUrl":"np://user.desktop.nicepage.com/Site_87118054/images/photo_2023-03-27_19-33-50.jpg","size":67610,"hash":"IliOEm0RjlTQIaXUcuKjv6dg8BE=","fileName":"photo_2023-03-27_19-33-50.jpg","name":"photo_2023-03-27_19-33-50","width":1200,"height":630,"thumbnail":{"url":"np://user.desktop.nicepage.com/Site_87118054/images/thumbnails/photo_2023-03-27_19-33-50.jpg","width":250,"height":131},"folderId":null,"usages":["3100500946"]}]