[{"id":989020618,"title":"Blog Template","order":1,"templateKey":"blog","customTemplate":false,"customTemplateFilename":null,"pageLinks":[],"dateCreated":"2025-02-01T06:10:02.132Z","dateUpdated":"2025-02-01T06:10:05.209Z","folderId":null,"pageName":"Blog Template","serverPageId":null,"sectionCount":1,"status":2,"backwardUrl":null},{"id":270612838,"title":"Post Template","order":2,"templateKey":"post","customTemplate":false,"customTemplateFilename":null,"pageLinks":[],"dateCreated":"2025-02-01T06:10:02.446Z","dateUpdated":"2025-02-01T06:10:05.210Z","folderId":null,"pageName":"Post Template","serverPageId":null,"sectionCount":1,"status":2,"backwardUrl":null},{"id":2674622516,"title":"Product List Template","order":3,"templateKey":"products","customTemplate":false,"customTemplateFilename":null,"pageLinks":[],"dateCreated":"2025-02-01T06:10:02.804Z","dateUpdated":"2025-02-01T07:36:02.083Z","folderId":null,"pageName":"Product List Template","serverPageId":null,"sectionCount":1,"status":2,"backwardUrl":null},{"id":153243555,"title":"Product Details Template","order":4,"templateKey":"product","customTemplate":false,"customTemplateFilename":null,"pageLinks":[],"dateCreated":"2025-02-01T06:10:03.123Z","dateUpdated":"2025-02-01T07:36:02.465Z","folderId":null,"pageName":"Product Details Template","serverPageId":null,"sectionCount":1,"status":2,"backwardUrl":null},{"id":85158032,"title":"Shopping Cart Template","order":5,"templateKey":"cart","customTemplate":false,"customTemplateFilename":null,"pageLinks":[],"dateCreated":"2025-02-01T06:10:03.382Z","dateUpdated":"2025-02-01T06:10:05.211Z","folderId":null,"pageName":"Shopping Cart Template","serverPageId":null,"sectionCount":1,"status":2,"backwardUrl":null},{"id":961718131,"title":"Checkout Template","order":6,"templateKey":"checkout","customTemplate":false,"customTemplateFilename":null,"pageLinks":[],"dateCreated":"2025-02-01T06:10:03.729Z","dateUpdated":"2025-02-01T06:10:05.211Z","folderId":null,"pageName":"Checkout Template","serverPageId":null,"sectionCount":1,"status":2,"backwardUrl":null},{"id":544427069,"title":"Login Template","order":7,"templateKey":"login","customTemplate":false,"customTemplateFilename":null,"pageLinks":[],"dateCreated":"2025-02-01T06:10:03.939Z","dateUpdated":"2025-02-01T06:10:05.212Z","folderId":null,"pageName":"Login Template","serverPageId":null,"sectionCount":1,"status":2,"backwardUrl":null},{"id":40576268,"title":"Search Page Template","order":8,"templateKey":"Search","customTemplate":false,"customTemplateFilename":null,"pageLinks":[],"dateCreated":"2025-02-01T06:10:04.098Z","dateUpdated":"2025-02-01T06:10:05.212Z","folderId":null,"pageName":"Search Page Template","serverPageId":null,"sectionCount":1,"status":2,"backwardUrl":null},{"id":127886383,"title":"Page Password Template","order":9,"templateKey":"password","customTemplate":false,"customTemplateFilename":null,"pageLinks":[],"dateCreated":"2025-02-01T06:10:04.286Z","dateUpdated":"2025-02-01T06:10:05.213Z","folderId":null,"pageName":"Page Password Template","serverPageId":null,"sectionCount":1,"status":2,"backwardUrl":null},{"id":742423348,"title":"404 Not Found Template","order":10,"templateKey":"404","customTemplate":false,"customTemplateFilename":null,"pageLinks":[],"dateCreated":"2025-02-01T06:10:04.424Z","dateUpdated":"2025-02-01T06:10:05.214Z","folderId":null,"pageName":"404 Not Found Template","serverPageId":null,"sectionCount":1,"status":2,"backwardUrl":null},{"id":774418879,"title":"Thank You Page Template","order":11,"templateKey":"ThankYou","customTemplate":false,"customTemplateFilename":null,"pageLinks":[],"dateCreated":"2025-02-01T06:10:04.542Z","dateUpdated":"2025-02-01T06:10:05.214Z","folderId":null,"pageName":"Thank You Page Template","serverPageId":null,"sectionCount":1,"status":2,"backwardUrl":null},{"id":3100500946,"title":"Página Inicial","order":50,"templateKey":null,"customTemplate":false,"customTemplateFilename":null,"pageLinks":[],"dateCreated":"2025-02-01T06:10:06.340Z","dateUpdated":"2025-02-01T10:33:36.652Z","folderId":null,"pageName":"Página Inicial_3100500946","serverPageId":null,"sectionCount":11,"status":2,"backwardUrl":null},{"id":2126312467,"title":"Sobre","order":100,"templateKey":null,"customTemplate":false,"customTemplateFilename":null,"pageLinks":[],"dateCreated":"2025-02-01T06:10:04.622Z","dateUpdated":"2025-02-01T06:10:05.214Z","folderId":null,"pageName":"Sobre_2126312467","serverPageId":null,"sectionCount":1,"status":2,"backwardUrl":null},{"id":317824236,"title":"Contato","order":101,"templateKey":null,"customTemplate":false,"customTemplateFilename":null,"pageLinks":[],"dateCreated":"2025-02-01T06:10:04.683Z","dateUpdated":"2025-02-01T06:10:05.215Z","folderId":null,"pageName":"Contato_317824236","serverPageId":null,"sectionCount":1,"status":2,"backwardUrl":null}]